pdb_posins,pdb_chain,pdb_res,top_res,pdb_pos,perplexity,A,C,D,E,F,G,H,I,K,L,M,N,P,Q,R,S,T,V,W,Y
2,C,S,M,2,1.8652,-4.9454,-6.4244,-5.6227,-5.7151,-5.8622,-4.1121,-6.2037,-4.7381,-6.1945,-4.8346,-0.1136,-5.6108,-4.4999,-6.1031,-6.1235,-4.9827,-5.1135,-4.0456,-7.3336,-6.4720
3,C,V,V,3,2.7826,-7.5221,-10.0359,-9.0064,-2.4724,-10.3767,-10.0637,-7.3538,-5.4606,-5.4686,-4.6098,-7.7637,-9.1441,-9.7747,-1.1521,-6.6903,-11.4153,-6.1451,-0.5526,-9.6456,-8.1217
4,C,L,L,4,1.0054,-14.8057,-15.1178,-16.3772,-11.2929,-12.4769,-13.4378,-13.7629,-11.0352,-12.2607,-0.0006,-7.8798,-14.8953,-15.6861,-9.0634,-12.7017,-17.3755,-17.3436,-10.7931,-14.8267,-14.9308
5,C,T,E,5,10.4872,-4.4734,-7.6019,-4.2871,-1.6149,-5.2799,-5.3907,-3.8361,-3.5401,-3.6453,-2.3929,-4.4358,-4.1417,-10.9703,-1.7419,-3.0772,-3.4610,-1.8621,-2.1401,-5.7956,-3.1874
6,C,Q,Q,6,1.0842,-11.7653,-12.5708,-13.5383,-4.1744,-18.4168,-12.9672,-11.7648,-15.4932,-12.1615,-10.6111,-10.3778,-12.8316,-15.3056,-0.0156,-12.5980,-12.0323,-11.4608,-12.7798,-16.5804,-18.6801
7,C,P,P,7,2.1570,-3.7245,-8.6560,-5.3923,-4.1773,-7.4635,-6.9253,-5.9294,-8.3130,-6.5072,-4.7899,-8.3820,-6.8564,-0.1816,-4.6232,-5.4593,-2.6540,-3.9548,-6.5738,-7.9799,-6.9529
8,C,P,G,8,5.3716,-1.4371,-8.7166,-4.1961,-5.0059,-7.1915,-0.9788,-5.0117,-7.2304,-4.9593,-4.8827,-8.3155,-5.6421,-1.5577,-5.6945,-4.1958,-2.5175,-3.8110,-5.5387,-6.5332,-6.9272
9,C,S,S,9,1.3189,-3.3706,-9.5256,-10.1471,-10.1420,-7.4841,-7.5130,-9.8706,-8.2805,-8.1995,-7.7254,-7.7162,-8.6811,-9.6012,-8.3804,-6.9302,-0.0579,-4.0589,-8.0708,-10.3685,-9.1187
11,C,L,A,11,5.7255,-0.8405,-8.8978,-4.7088,-2.0400,-5.9914,-6.7216,-7.2564,-7.9481,-6.0207,-2.2012,-3.8343,-6.9511,-9.3406,-2.0440,-7.3751,-2.3526,-4.8634,-2.8908,-9.4140,-8.4906
12,C,S,S,12,1.2448,-3.3509,-8.3152,-10.0419,-9.4253,-6.7272,-8.9599,-8.8011,-11.0808,-8.6286,-5.8319,-7.2177,-8.4952,-9.6859,-7.8660,-6.3698,-0.0447,-7.8201,-10.6617,-9.7047,-9.5605
13,C,A,A,13,4.5050,-0.8131,-6.8362,-4.9885,-2.4995,-7.0340,-1.2621,-5.7614,-11.2396,-3.5878,-2.1132,-6.0028,-7.3023,-7.4293,-5.1023,-4.4463,-5.4221,-5.6976,-6.7566,-10.5847,-7.8261
14,C,S,S,14,2.8642,-1.1670,-11.5456,-8.7182,-8.5511,-5.9190,-6.8673,-6.9471,-6.3091,-6.1678,-5.9585,-7.3248,-7.0722,-5.8877,-8.7575,-5.5024,-0.5693,-2.2916,-7.1153,-9.6938,-7.2681
15,C,P,P,15,1.3295,-5.7515,-13.7562,-11.1458,-8.4296,-11.0622,-11.5571,-12.7940,-7.3631,-12.0713,-4.0448,-11.5882,-12.7822,-0.0605,-11.3345,-11.0053,-9.1637,-6.1281,-3.3585,-14.0207,-13.1764
16,C,G,G,16,1.2362,-5.7125,-13.1604,-9.4504,-9.2618,-9.9029,-0.0407,-10.0748,-10.3643,-8.1336,-7.9711,-10.4680,-7.8094,-11.0060,-10.0234,-6.4243,-3.6277,-4.9793,-10.4297,-10.2722,-10.9813
17,C,A,A,17,3.2093,-0.4736,-12.2349,-1.6527,-4.7017,-8.3026,-4.6499,-4.5498,-7.6867,-8.5980,-9.9330,-10.3310,-5.9162,-9.2996,-6.7546,-9.2885,-2.2729,-3.0438,-7.9661,-11.2608,-7.6531
18,C,S,S,18,3.5399,-5.0924,-9.6876,-9.2047,-10.1588,-5.8769,-6.3604,-7.0000,-5.8395,-4.9330,-2.4338,-7.4922,-6.7506,-4.9772,-8.2645,-2.2604,-0.5273,-1.7004,-5.4889,-9.2590,-8.6604
19,C,A,V,19,1.6116,-4.4973,-9.7715,-13.2819,-8.7745,-10.8574,-10.9537,-12.3867,-3.8373,-9.7686,-3.0343,-3.7168,-13.7482,-10.1902,-7.5901,-11.1446,-11.1752,-10.3122,-0.1121,-14.4261,-13.6836
20,C,R,K,20,2.7278,-8.8814,-10.5311,-9.8145,-9.8896,-5.7790,-10.6520,-6.6021,-5.3317,-0.6213,-5.3428,-8.2315,-4.9876,-13.2906,-7.8782,-0.9394,-3.2136,-4.8725,-7.1321,-7.0305,-7.5669
21,C,L,L,21,1.9916,-17.2504,-13.8486,-21.0634,-19.6329,-11.5465,-17.2870,-17.6999,-0.8308,-18.4366,-0.5730,-9.3958,-18.6589,-18.3519,-17.1520,-17.4377,-15.5552,-17.7154,-7.8944,-16.0024,-18.2720
22,C,P,S,22,2.6431,-4.1284,-7.5695,-7.5748,-6.6864,-9.1556,-7.1179,-9.6967,-6.9601,-9.2897,-8.0906,-10.3690,-7.3132,-1.5244,-8.5446,-7.6021,-0.4269,-2.2482,-6.3173,-8.4553,-10.6789
23,C,C,C,23,1.0002,-11.4056,-0.0000,-18.0792,-19.7539,-15.2018,-14.0383,-19.1951,-16.1017,-22.9481,-15.8249,-17.4651,-18.3400,-20.5140,-20.8833,-20.3924,-13.8237,-15.9760,-14.7820,-19.2960,-20.0638
24,C,T,T,24,3.1997,-1.9900,-9.7449,-7.8559,-5.0651,-8.2006,-5.5385,-6.3500,-4.3068,-3.1501,-5.4536,-9.1178,-8.3725,-8.7003,-5.3494,-2.8044,-4.8961,-0.3768,-3.4983,-7.9061,-9.8491
25,C,L,V,25,1.2591,-7.7017,-10.4613,-13.2121,-13.2485,-7.6043,-9.6200,-14.5991,-3.1484,-14.0624,-4.9417,-9.0996,-13.3529,-12.8553,-14.2649,-11.3953,-12.1828,-9.9608,-0.0527,-13.5827,-14.3944
26,C,S,S,26,1.1822,-4.7969,-9.5535,-7.5405,-9.5021,-8.5115,-5.1889,-7.1220,-9.6080,-10.0397,-8.3064,-12.0709,-9.0164,-7.5736,-8.7964,-5.8046,-0.0262,-5.1647,-10.3429,-8.3043,-8.6100
27,C,S,S,27,2.0731,-4.9557,-8.0035,-5.5520,-7.3230,-6.9526,-2.9409,-6.0272,-6.4235,-7.6509,-6.2354,-9.0364,-5.2194,-3.2450,-7.2718,-4.3290,-0.1687,-3.8097,-8.0616,-7.4529,-6.4009
28,C,D,S,28,5.9230,-1.9995,-3.1706,-2.1934,-6.0528,-4.0171,-2.0291,-4.8200,-8.5531,-7.6922,-7.9815,-10.5573,-5.3109,-8.6660,-8.7881,-6.1436,-0.8036,-3.0510,-4.5143,-5.5108,-3.4195
29,C,L,L,29,7.2847,-2.9006,-6.7621,-4.5661,-6.4472,-3.0396,-5.5120,-2.5070,-2.2622,-4.7837,-1.1854,-6.1834,-3.4957,-7.6544,-7.2210,-5.7265,-5.0701,-4.9584,-1.3426,-7.7366,-2.6796
30,C,N,I,30,6.7216,-4.8889,-8.4550,-3.3053,-4.6475,-5.2731,-6.6997,-4.2785,-1.1401,-3.7654,-4.9584,-5.8714,-2.4902,-8.2871,-5.9795,-3.8705,-3.4555,-1.1706,-2.2827,-6.0062,-3.8999
31,C,V,V,31,1.1946,-7.0741,-10.5265,-11.5517,-11.5913,-11.7080,-11.8201,-14.8698,-3.2519,-13.2153,-9.6416,-9.1533,-10.4933,-11.8799,-11.8981,-11.7708,-9.4460,-7.8979,-0.0411,-14.8020,-15.8222
35,C,G,S,35,11.7189,-2.3956,-6.3303,-3.4631,-3.7510,-4.5357,-2.1700,-4.5963,-2.6887,-2.8186,-4.3381,-5.2277,-2.5045,-8.0099,-5.0915,-1.7340,-1.7102,-3.7024,-2.8237,-5.7383,-3.2617
36,C,T,D,36,8.3536,-4.1747,-7.4018,-1.2766,-4.0408,-4.5997,-2.4222,-4.5413,-3.9838,-5.8189,-6.0787,-6.3115,-3.0692,-5.8002,-6.4232,-2.8002,-1.6336,-1.6912,-3.3433,-4.5885,-4.1751
37,C,K,N,37,5.6394,-1.9080,-4.4995,-5.6477,-4.8040,-6.9492,-10.6869,-6.0393,-5.3718,-5.5763,-5.2355,-5.7931,-0.7503,-10.9325,-2.4492,-7.2134,-2.6026,-2.3454,-2.7017,-9.9495,-4.4029
38,C,N,W,38,10.1353,-4.1880,-6.2750,-3.9488,-5.2194,-2.9392,-3.5710,-3.5692,-3.2916,-6.0650,-2.5514,-6.4094,-2.8044,-7.5058,-5.6635,-3.8759,-1.9781,-4.0013,-3.0204,-1.4896,-1.5430
39,C,M,M,39,2.5141,-9.0041,-12.2408,-13.8770,-13.3751,-10.0061,-12.0423,-14.3480,-1.0135,-14.9636,-4.4039,-0.5747,-10.9123,-15.5259,-10.3112,-14.5094,-12.0504,-8.4891,-2.7911,-8.7526,-16.2710
40,C,Y,H,40,3.5960,-7.2182,-6.2663,-5.5544,-5.4674,-3.1036,-8.1851,-0.4292,-5.5763,-7.2682,-3.9349,-6.0708,-2.1683,-13.9434,-3.6090,-5.7189,-5.4738,-6.5673,-6.4139,-5.0745,-2.2210
41,C,W,W,41,1.0022,-14.1485,-11.5231,-15.1241,-14.8499,-9.6776,-14.2965,-11.6871,-12.2993,-14.0638,-10.0518,-11.6360,-13.2772,-16.5408,-12.7457,-11.0184,-14.1218,-13.9166,-10.8974,-0.0002,-11.9746
42,C,Y,V,42,2.8941,-6.5906,-7.8013,-13.9781,-9.4679,-2.7528,-10.9744,-6.4150,-3.2156,-7.3964,-1.9412,-4.7554,-8.9598,-17.5517,-6.5139,-5.8666,-8.0724,-7.4559,-0.3593,-6.8544,-3.3438
43,C,Q,R,43,1.9937,-9.0553,-8.9114,-12.3683,-6.2500,-15.1739,-9.1448,-8.2909,-8.9961,-3.4958,-8.2346,-7.4475,-10.1054,-14.1677,-1.5302,-0.2901,-8.9580,-8.5889,-6.8290,-12.4129,-16.3552
44,C,Q,Q,44,1.0143,-10.5203,-14.3908,-16.2829,-8.4285,-17.0876,-12.9143,-10.3027,-13.5165,-7.6636,-10.1889,-10.9663,-14.9600,-14.2142,-0.0016,-7.1542,-11.8840,-11.5913,-11.8522,-15.2689,-19.3281
45,C,K,K,45,2.1549,-7.7943,-12.5950,-13.1820,-10.2229,-10.8761,-12.2703,-7.8366,-6.6199,-0.5736,-6.4335,-7.3878,-9.7845,-12.5090,-6.5119,-0.8589,-7.4255,-5.3202,-6.5807,-12.0168,-13.5949
46,C,P,P,46,1.1867,-6.1912,-12.1683,-11.9316,-10.3209,-8.9739,-10.6723,-7.0066,-8.8818,-9.2392,-5.7589,-12.4323,-10.4650,-0.0283,-7.2314,-6.1400,-4.2117,-5.6836,-8.6965,-10.1855,-11.6903
47,C,G,G,47,1.0189,-8.2620,-14.6319,-7.2224,-8.0458,-12.4277,-0.0020,-8.3641,-13.5205,-11.1825,-9.8575,-13.2168,-10.8400,-10.8261,-11.7845,-9.2168,-9.1428,-8.8069,-11.7045,-11.1552,-12.9207
48,C,S,K,48,5.7227,-5.0340,-7.0361,-8.3084,-5.8909,-3.9464,-6.4522,-1.8479,-8.9389,-0.8851,-2.8267,-6.4509,-3.7313,-7.6169,-3.9029,-2.4755,-1.6261,-5.6465,-9.0459,-6.3922,-4.9945
49,C,A,S,49,5.8911,-1.8266,-7.5659,-3.8264,-4.9427,-4.4634,-1.7644,-5.8240,-6.0914,-5.2625,-4.9798,-7.1959,-5.6459,-5.0739,-6.3520,-2.5407,-0.8918,-2.2992,-5.1882,-6.6771,-6.6376
50,C,P,P,50,1.0979,-8.6707,-13.0228,-11.8749,-10.7249,-7.1201,-11.0223,-11.6916,-10.9379,-10.2016,-4.2561,-7.3992,-11.6498,-0.0164,-11.1112,-9.4314,-10.0412,-12.2467,-9.6630,-8.6593,-10.5355
51,C,R,K,51,2.8992,-4.7218,-11.4435,-7.7815,-4.6220,-8.1681,-7.1811,-5.7145,-6.8432,-0.4516,-6.4967,-7.1057,-4.6041,-12.2193,-4.4186,-1.3069,-4.2463,-3.8239,-4.9374,-8.5636,-8.3047
52,C,L,L,52,1.5798,-5.5100,-9.4576,-10.4226,-8.0249,-4.4961,-6.4727,-6.0107,-7.3615,-7.4007,-0.0853,-7.1466,-7.5042,-4.7279,-6.5942,-3.7175,-6.6473,-5.6806,-6.4000,-4.0656,-6.5120
53,C,F,L,53,3.1215,-6.4201,-8.6951,-10.0801,-8.5897,-2.2416,-11.7471,-5.8058,-9.1224,-8.2780,-0.7050,-3.9029,-9.1572,-17.4701,-8.1514,-5.5041,-6.8989,-7.1051,-5.8945,-1.0152,-5.9319
54,C,L,L,54,1.7974,-7.2189,-10.3694,-11.9564,-10.9872,-6.1871,-9.8270,-8.5424,-2.0692,-10.7925,-0.1838,-3.5508,-9.1201,-14.6484,-10.4528,-10.1755,-8.3540,-9.1272,-4.7011,-9.4212,-9.0844
55,C,Y,Y,55,3.1582,-7.6599,-8.6130,-7.6490,-8.1083,-1.3126,-7.9747,-4.1111,-5.9450,-5.5213,-3.6654,-7.1862,-6.8410,-11.2101,-7.5845,-3.5917,-4.8936,-4.8870,-5.2650,-4.1015,-0.4880
56,C,Y,F,56,2.2900,-9.3111,-10.1889,-9.0285,-12.6717,-0.5678,-11.4576,-5.7845,-9.3531,-11.2383,-9.1851,-8.3804,-10.2609,-16.5431,-12.1635,-10.5570,-9.9772,-11.6037,-8.0137,-3.4193,-0.9257
57,C,Y,Y,57,6.8758,-4.5715,-9.2225,-6.2389,-6.0018,-2.3385,-8.4098,-3.8985,-2.2047,-3.8620,-5.8078,-4.5449,-5.7089,-10.9820,-5.4780,-2.1152,-3.8346,-3.6968,-2.8931,-2.8728,-0.8284
58,C,S,S,58,1.8033,-7.1169,-10.5470,-3.9428,-10.3004,-8.5886,-7.0262,-9.2540,-9.3940,-8.9862,-8.0278,-9.1488,-4.8189,-11.9613,-11.5345,-6.6014,-0.1938,-1.9388,-10.8526,-7.8184,-8.0754
59,C,D,T,59,8.8439,-4.5592,-10.4659,-1.5310,-4.7048,-3.9410,-3.7220,-4.1505,-3.4487,-3.6664,-5.1620,-7.0425,-2.1177,-5.9839,-6.8504,-3.7345,-1.8625,-1.3597,-3.9754,-4.1742,-3.0610
63,C,S,S,63,7.4696,-3.4485,-8.9814,-3.6060,-5.5228,-4.5123,-4.2830,-4.6185,-4.1273,-4.1334,-3.2153,-5.8448,-3.5752,-6.9580,-6.2916,-2.2315,-0.9794,-1.5559,-4.6072,-4.8420,-2.4712
64,C,D,D,64,5.7764,-4.6394,-9.2631,-0.6859,-1.7733,-7.2728,-7.7838,-5.0095,-3.9755,-3.5951,-2.6613,-5.3950,-2.7333,-11.2991,-4.4436,-4.4049,-3.7903,-3.3631,-3.2886,-7.7503,-5.4116
65,C,K,K,65,1.2776,-9.4228,-10.8101,-7.8271,-6.0460,-7.6861,-11.9449,-4.8092,-9.7423,-0.0429,-7.5607,-6.0156,-5.9549,-11.9544,-6.4212,-3.8503,-7.8523,-7.5521,-10.0524,-7.7028,-7.3832
66,C,Q,Y,66,11.2244,-2.2915,-6.7031,-3.2427,-3.6974,-3.9345,-1.8381,-2.5035,-6.8740,-3.1147,-3.3385,-5.4656,-4.0864,-8.3660,-3.5003,-1.9390,-2.3470,-4.4163,-7.1724,-4.3968,-1.7355
67,C,L,L,67,2.8128,-8.5346,-8.2364,-7.0253,-8.8728,-4.9389,-8.2946,-4.4224,-9.5707,-4.6941,-0.3831,-7.2583,-4.9799,-9.6303,-5.2893,-2.3857,-6.7369,-8.8656,-8.9751,-5.4162,-1.7288
68,C,G,G,68,1.0018,-12.4685,-13.0951,-14.1818,-15.8667,-13.9181,-0.0002,-12.8633,-12.5815,-13.7431,-10.3559,-14.4803,-10.6267,-13.3591,-14.1912,-11.7479,-9.4941,-16.3839,-13.5090,-15.1083,-14.4958
69,C,P,S,69,3.5952,-3.8769,-9.1498,-2.8583,-5.2946,-5.6778,-3.7018,-5.8962,-6.1373,-6.7947,-5.0842,-7.4342,-5.9027,-1.7070,-6.1146,-4.0174,-0.4396,-4.1989,-5.4220,-5.1321,-6.2663
70,C,G,G,70,1.0861,-6.3079,-13.3575,-6.7017,-7.4990,-7.3051,-0.0109,-9.4471,-11.0704,-9.0095,-7.9811,-11.6270,-7.7586,-7.1136,-11.0281,-6.9874,-5.6525,-9.6649,-8.8929,-10.0474,-10.2364
71,C,V,V,71,1.9411,-8.3213,-11.5513,-11.6088,-12.1014,-4.0042,-11.9889,-14.0184,-1.5840,-11.4470,-4.8648,-7.0429,-9.5246,-13.5584,-13.9460,-11.0257,-8.4740,-6.3148,-0.2671,-10.5868,-10.9637
72,C,P,P,72,1.0021,-10.1267,-17.6644,-13.0811,-12.2446,-14.6081,-10.9357,-14.5713,-14.2983,-12.2644,-13.3474,-15.4378,-15.7076,-0.0002,-14.0876,-11.4851,-9.5129,-10.5637,-13.0587,-16.7118,-17.5480
74,C,N,A,74,8.2533,-1.3129,-9.6326,-1.5935,-2.2143,-4.9518,-4.4100,-5.8719,-5.5928,-4.0703,-3.3548,-5.7105,-4.1225,-4.1674,-3.9830,-4.5652,-1.7423,-3.9043,-2.5618,-7.2020,-5.6659
75,C,R,R,75,1.0246,-9.3688,-9.4561,-10.7794,-10.0107,-12.0961,-7.9039,-9.0538,-10.6724,-7.6866,-9.9758,-11.0572,-9.4577,-10.8420,-7.9187,-0.0026,-7.8397,-9.4563,-10.5318,-7.9156,-10.7789
76,C,V,F,76,1.0368,-14.8475,-13.1325,-18.9142,-16.9933,-0.0049,-17.7194,-14.2704,-6.0928,-16.8831,-6.3841,-10.4288,-15.7928,-21.1522,-16.1565,-17.8695,-16.7531,-14.6911,-7.1486,-11.8621,-9.5744
77,C,S,S,77,1.4058,-5.0136,-12.2275,-9.1061,-11.0709,-7.0490,-5.8132,-8.7307,-8.8037,-8.7902,-8.5993,-8.6580,-6.5808,-15.0370,-9.9874,-6.4195,-0.0828,-2.7364,-10.2085,-10.3801,-9.0544
78,C,G,G,78,1.0003,-10.8062,-15.1177,-15.6863,-17.8153,-15.0434,-0.0000,-17.5141,-14.6306,-15.8965,-14.0869,-14.1921,-15.3427,-17.9083,-17.2586,-13.9719,-13.3629,-16.7170,-16.2969,-16.6809,-17.4200
79,C,S,S,79,1.1869,-5.4001,-10.7481,-7.1650,-10.1059,-8.0527,-4.4812,-8.9435,-11.0859,-8.5882,-9.3712,-9.5462,-6.7322,-13.4583,-10.1575,-5.6492,-0.0274,-5.5019,-11.3399,-7.7953,-8.1782
80,C,K,R,80,3.4358,-8.0875,-11.7391,-10.7925,-9.3217,-6.0208,-10.3719,-8.4912,-3.0247,-0.9346,-2.3274,-6.0373,-7.6974,-12.7931,-8.9943,-0.8267,-7.2203,-5.0228,-4.8296,-7.3061,-6.4354
81,C,E,D,81,1.2899,-7.4252,-11.8708,-0.0422,-6.2277,-7.3002,-10.1013,-6.4212,-5.7038,-9.0866,-6.5137,-9.2991,-4.0265,-11.4628,-7.7777,-8.2779,-5.3734,-5.5363,-6.4459,-8.3597,-6.0131
82,C,T,T,82,4.6570,-4.1083,-11.0361,-7.6012,-8.0749,-8.5124,-6.7662,-10.4233,-2.2767,-1.1374,-6.5721,-6.1967,-5.8752,-6.2268,-8.8011,-2.1520,-3.0430,-0.9744,-4.8152,-8.6936,-9.4916
83,C,S,S,83,1.4594,-3.5529,-10.5380,-5.8998,-8.4518,-6.1481,-6.1927,-7.0559,-6.5919,-7.8377,-6.9883,-8.0065,-5.2572,-7.5576,-9.3684,-5.8018,-0.0686,-4.8231,-6.8548,-6.5442,-4.9259
84,C,S,T,84,5.5313,-2.4638,-8.5511,-5.4811,-4.1923,-8.1120,-4.9932,-8.2231,-3.1415,-2.8861,-4.6386,-4.2518,-4.6043,-10.5311,-5.8117,-2.8354,-1.9092,-0.6707,-3.3913,-9.0444,-9.2878
85,C,N,N,85,1.0376,-10.2006,-12.5477,-7.9355,-12.0007,-13.7471,-9.3738,-10.4513,-10.4438,-10.2800,-11.3836,-11.0875,-0.0052,-13.9753,-11.0510,-10.1206,-5.4527,-8.2540,-12.0914,-12.7677,-12.4659
86,C,T,T,86,1.1755,-7.5639,-10.4021,-11.3378,-8.2553,-13.0756,-11.0140,-9.7440,-5.2427,-7.4711,-9.0396,-5.8865,-7.8768,-16.2074,-5.1585,-6.4988,-5.3264,-0.0245,-6.1915,-12.8907,-12.3666
87,C,A,A,87,1.5435,-0.1434,-7.9615,-11.0270,-10.4629,-8.3992,-2.0690,-9.2532,-8.9395,-13.6090,-6.8289,-7.8427,-10.2773,-14.1856,-9.2026,-11.5792,-6.9217,-8.8084,-5.6316,-11.8114,-9.1872
88,C,F,Y,88,1.7786,-11.6517,-10.8841,-10.1712,-11.3076,-1.6683,-13.8632,-5.0985,-6.5692,-11.0568,-7.7011,-8.5540,-6.9642,-17.9989,-10.3391,-10.4874,-8.2907,-7.9664,-7.0776,-5.8703,-0.2258
89,C,L,L,89,1.0015,-16.7517,-16.3972,-18.7459,-15.6584,-12.2918,-18.0695,-15.8349,-12.5304,-15.6980,-0.0001,-8.9496,-15.3835,-22.9648,-14.0757,-16.2660,-16.9039,-18.6666,-12.7254,-15.6894,-17.9634
90,C,L,Q,90,5.5065,-7.4856,-7.6495,-6.5907,-3.5178,-4.1322,-7.2532,-1.8927,-2.5072,-4.4629,-2.6787,-4.9292,-4.0368,-15.8202,-0.6402,-4.9833,-5.6505,-3.8920,-3.8960,-5.5282,-3.4514
91,C,I,I,91,2.1779,-10.6942,-11.4735,-15.1451,-14.9806,-8.5967,-13.9499,-14.1200,-0.3044,-15.1414,-2.1978,-5.2936,-14.4877,-15.5727,-13.9413,-13.8992,-13.6083,-11.9581,-1.9233,-12.7171,-15.2206
92,C,S,S,92,5.9592,-4.1734,-8.9987,-4.7588,-5.0089,-6.6619,-3.9762,-2.9589,-7.3131,-2.6985,-6.5023,-7.1391,-1.2542,-7.7246,-4.6549,-2.0108,-1.0365,-3.4063,-8.1904,-6.5880,-4.7817
93,C,G,S,93,3.6189,-4.9188,-7.5609,-3.4272,-5.9896,-7.6965,-2.3879,-5.7904,-8.2838,-6.1771,-6.8607,-7.7563,-1.7220,-9.1787,-6.4121,-2.9425,-0.4969,-4.2890,-7.3117,-7.7588,-6.4305
94,C,L,L,94,1.0113,-9.3817,-12.8989,-15.2952,-14.2388,-12.4023,-13.2178,-16.1158,-10.2623,-16.3651,-0.0013,-6.9230,-14.4078,-13.9833,-14.7259,-15.3252,-12.1982,-10.4426,-8.7085,-16.5959,-17.7285
95,C,Q,Q,95,2.9540,-6.0190,-10.5438,-6.1096,-3.1223,-9.0929,-7.9012,-3.8529,-6.9221,-2.5721,-5.6544,-6.0439,-6.5294,-11.2417,-0.3696,-1.9273,-7.3534,-5.1964,-6.5627,-8.1922,-7.7263
96,C,P,P,96,4.7140,-3.3124,-6.4918,-7.0989,-8.8286,-3.7751,-5.5357,-5.2057,-4.4868,-8.7836,-3.2917,-5.3576,-6.1550,-0.7330,-6.6150,-5.4818,-1.2264,-3.3773,-3.0671,-6.6347,-4.4274
97,C,E,E,97,1.7121,-6.8394,-12.6815,-1.6085,-0.2291,-11.1578,-6.6585,-9.6124,-9.4719,-10.2134,-9.8971,-9.0599,-8.3878,-10.5981,-7.7348,-10.5704,-9.3178,-10.2703,-6.9258,-11.7256,-10.6531
98,C,D,D,98,1.0016,-14.2116,-15.3984,-0.0001,-10.6595,-12.5976,-15.7544,-9.5027,-15.9003,-19.7600,-15.7339,-13.4939,-10.3529,-19.3535,-16.8846,-19.9674,-15.4603,-16.6610,-14.5568,-16.3202,-12.3716
99,C,E,S,99,4.5183,-1.7140,-9.4145,-4.8839,-1.9402,-6.9700,-2.8459,-9.5100,-12.0431,-10.6884,-9.4805,-7.1655,-8.9175,-11.4782,-7.2727,-10.1175,-0.9298,-1.5466,-12.6545,-10.1196,-10.7528
100,C,A,A,100,1.0047,-0.0005,-11.0561,-12.1589,-15.6078,-15.9151,-10.6064,-16.3865,-16.6168,-18.5760,-16.4029,-14.3699,-13.6610,-17.9226,-18.4639,-16.0850,-7.7708,-10.4010,-12.1671,-18.7170,-17.7755
101,C,D,D,101,10.6450,-3.6137,-6.9294,-1.3209,-2.8551,-4.6382,-5.3953,-4.5140,-3.1356,-4.3657,-3.8360,-2.3235,-2.1667,-11.7342,-4.0366,-2.9229,-2.4304,-2.2447,-2.7498,-6.6099,-6.4806
102,C,Y,Y,102,1.0372,-13.6835,-10.4992,-14.3543,-16.5968,-5.2045,-15.5956,-8.8159,-12.5071,-13.9560,-11.4844,-14.1301,-11.7321,-16.8292,-14.8039,-11.8204,-11.8676,-14.1079,-12.3778,-11.9592,-0.0057
103,C,Y,Y,103,1.8478,-8.2666,-8.1244,-8.7051,-8.1458,-2.2187,-10.3820,-3.5098,-6.5684,-8.0219,-8.2371,-8.1688,-7.9347,-16.0932,-6.5838,-4.7768,-6.0548,-5.5472,-7.2288,-7.7177,-0.1738
104,C,C,C,104,1.0014,-9.8070,-0.0001,-14.7007,-17.3638,-12.6733,-10.4695,-14.2869,-16.1056,-18.8388,-14.4020,-14.6349,-13.8501,-13.9519,-15.1440,-16.8008,-10.3837,-14.1252,-14.9525,-13.1459,-15.9267
105,C,Q,A,105,6.2674,-0.8226,-4.3690,-9.1426,-3.0572,-8.2968,-4.5249,-7.2065,-6.8872,-4.2517,-3.9032,-1.7801,-5.9514,-15.1752,-2.3176,-3.8831,-3.7507,-2.2871,-3.2716,-8.3586,-9.4184
106,C,V,V,106,1.9835,-7.9694,-10.8949,-13.6114,-12.7564,-10.2340,-13.9018,-13.0168,-1.3644,-16.2103,-9.0745,-7.9718,-12.0728,-19.0091,-13.5272,-12.0152,-10.7748,-3.7046,-0.3300,-11.9987,-11.3591
107,C,Y,W,107,1.2391,-7.8256,-8.7659,-5.7021,-6.6422,-5.3710,-6.9801,-6.3644,-8.1954,-8.2162,-5.7714,-7.7245,-6.7969,-9.4535,-7.4993,-6.5250,-6.0996,-9.4267,-7.6877,-0.0322,-4.7023
108,C,D,A,108,8.8153,-1.5756,-7.1468,-1.6091,-5.7280,-3.9579,-3.9263,-3.0863,-6.3454,-6.6098,-4.3181,-5.1377,-4.0505,-8.7660,-6.3692,-3.8842,-2.0430,-2.8026,-3.9491,-3.5030,-1.5960
109,C,N,R,109,7.2558,-4.7072,-7.7578,-4.1772,-5.2627,-3.4935,-4.7130,-5.3806,-3.9907,-4.2883,-3.9800,-5.2953,-3.4877,-9.3411,-5.8922,-0.9167,-1.5802,-2.7098,-3.8802,-3.2748,-2.2450
114,C,S,Y,114,9.6263,-3.9044,-8.4526,-3.2155,-4.4321,-3.7859,-4.0041,-3.6863,-5.1178,-5.6440,-3.5481,-5.3496,-1.8584,-7.9802,-4.7809,-3.5301,-1.5652,-2.1899,-4.9370,-2.5794,-1.5113
115,C,A,N,115,7.4917,-4.2532,-8.4692,-2.7288,-3.6298,-5.5669,-6.3575,-3.3153,-4.5493,-1.8136,-2.8699,-4.1807,-0.9201,-9.7610,-3.8850,-2.0592,-3.4874,-4.5063,-5.6353,-6.0142,-4.4254
116,C,R,W,116,8.8914,-4.6130,-6.5253,-3.6994,-4.4670,-3.5000,-6.5379,-4.8306,-2.4655,-4.5454,-2.8249,-4.5572,-4.1856,-8.5172,-5.4138,-2.8985,-3.5568,-4.0156,-2.0320,-1.1459,-1.7326
117,C,V,V,117,1.5730,-7.8186,-7.5599,-8.7642,-7.4174,-8.9355,-11.0685,-8.3106,-2.0470,-8.7699,-5.4400,-6.9459,-7.9285,-12.3778,-9.5854,-8.2946,-8.9120,-8.1070,-0.1487,-9.6283,-8.0219
118,C,F,F,118,1.8017,-8.1678,-8.2195,-7.9399,-8.9188,-0.1648,-8.9198,-7.5872,-6.5548,-7.5115,-3.9027,-5.7833,-7.8756,-10.0233,-7.4969,-7.3042,-6.6007,-7.7026,-6.1433,-2.2096,-4.6429
119,C,G,G,119,1.0569,-5.8117,-11.6219,-5.9653,-10.3305,-13.9915,-0.0079,-11.8806,-14.4499,-13.9711,-12.8135,-13.5467,-11.4785,-14.8647,-12.0085,-12.3961,-6.1273,-10.3865,-11.0209,-12.6547,-13.4643
120,C,G,G,120,1.7259,-5.2723,-9.1230,-6.6815,-5.7465,-10.0530,-0.1404,-7.1597,-8.1862,-6.0310,-6.4278,-8.5132,-7.3529,-6.3420,-2.3450,-4.8480,-5.4598,-5.3597,-7.4440,-9.5120,-8.3477
121,C,G,G,121,1.0008,-9.9107,-15.3777,-14.5191,-13.6655,-17.0110,-0.0001,-16.4762,-17.0080,-14.3781,-15.2408,-17.0390,-15.3982,-16.2781,-14.4217,-11.9786,-12.6753,-13.2544,-14.0629,-14.6590,-16.1276
122,C,T,T,122,1.0345,-6.9067,-10.8620,-12.8897,-12.5201,-13.6376,-12.0559,-14.0306,-8.5549,-13.2204,-13.3678,-12.5318,-10.1654,-15.1976,-13.6092,-12.5305,-6.1261,-0.0044,-6.9634,-13.1812,-13.2201
123,C,R,K,123,9.5794,-4.3062,-6.1407,-4.1162,-3.7771,-4.7153,-5.5865,-3.4391,-5.5840,-1.2167,-1.8029,-3.2289,-3.1679,-6.6753,-2.9109,-1.8268,-3.3986,-2.7682,-4.0389,-5.0094,-4.0856
124,C,L,L,124,1.0243,-11.4089,-14.1660,-14.9353,-13.0104,-8.9045,-12.8915,-11.7268,-11.0377,-12.7175,-0.0032,-7.4770,-13.4668,-15.7481,-11.8211,-12.5382,-14.3893,-12.5460,-6.0263,-11.5918,-14.0595
125,C,T,T,125,1.7281,-6.1045,-8.1264,-8.3599,-5.3295,-8.9572,-8.0134,-8.0055,-2.7464,-6.4447,-6.8857,-7.3251,-5.5191,-11.4185,-6.7242,-6.9503,-4.9416,-0.1296,-3.4361,-9.3523,-9.2850
126,C,V,V,126,1.0182,-10.5645,-11.5426,-17.0718,-14.3739,-14.6735,-13.7787,-17.0105,-6.0775,-15.5423,-10.8008,-12.0858,-15.0633,-14.7407,-15.2563,-13.8252,-13.8134,-9.2078,-0.0025,-15.0706,-16.1900
127,C,L,L,127,1.4137,-6.2881,-8.4421,-6.7146,-7.3011,-7.7858,-9.1151,-8.1818,-4.6550,-5.4712,-0.0613,-5.8357,-6.9883,-10.8935,-7.6527,-5.5369,-4.2225,-7.4920,-4.0721,-8.2732,-8.6922
128,C,G,G,128,3.7733,-3.6328,-7.0298,-5.3665,-4.7259,-7.4618,-0.4239,-6.2009,-4.8512,-5.1351,-5.2426,-6.4160,-5.6613,-9.5259,-5.1991,-2.1675,-2.4912,-3.0598,-3.6679,-6.7841,-6.5027
